hit_rate,mrr,recall_at_k,ndcg,function
0.6984602224123182,0.5426879234727822,0.46107784431137727,0.5803452593483277,minsearch_metrics
0.4345594525235244,0.3216067864271462,0.25278015397775877,0.34985713859473,vector_search_tfidf_svd
0.6941830624465355,0.6222768748217848,0.5739948674080411,0.6403739525700054,qdrant_vector_search
0.6112061591103507,0.6112061591103507,0.6112061591103507,0.6112061591103507,multi_stage_search
0.7917023096663816,0.6912667861555793,0.6287425149700598,0.7161128822058132,rrf_search
